Topics,Coherence
1,0.480103621124739
2,0.515943585123164
3,0.561153114616971
4,0.508514332529366
5,0.480437916785964
6,0.51821350582085
7,0.66093079468778
8,0.432146344942226
9,0.447062527089255
